[
  {
    "id": "arsenal",
    "name": "Arsenal",
    "country": "ENG",
    "league": "FA Premier League",
    "tier": 1,
    "lat": 51.55667,
    "lon": -0.10611,
    "ground": "Emirates Stadium",
    "aliases": [
      "arsenal"
    ],
    "wikipedia": "https://en.wikipedia.org/wiki/Arsenal_F.C.",
    "ground_wikipedia": "https://en.wikipedia.org/wiki/Emirates_Stadium",
    "logo": "club_logos_by_league/PL/arsenal.png"
  },
  {
    "id": "aston_villa",
    "name": "Aston Villa",
    "country": "ENG",
    "league": "FA Premier League",
    "tier": 1,
    "lat": 52.509167,
    "lon": -1.884722,
    "ground": "Villa Park",
    "aliases": [
      "aston villa"
    ],
    "wikipedia": "https://en.wikipedia.org/wiki/Aston_Villa_F.C.",
    "ground_wikipedia": "https://en.wikipedia.org/wiki/Villa_Park",
    "logo": "club_logos_by_league/PL/aston_villa.png"
  },
  {
    "id": "bournemouth",
    "name": "Bournemouth",
    "country": "ENG",
    "league": "FA Premier League",
    "tier": 1,
    "lat": 50.73528,
    "lon": -1.83833,
    "ground": "Dean Court",
    "aliases": [
      "bournemouth"
    ],
    "wikipedia": "https://en.wikipedia.org/wiki/AFC_Bournemouth",
    "ground_wikipedia": "https://en.wikipedia.org/wiki/Dean_Court",
    "logo": "club_logos_by_league/PL/bournemouth.png"
  },
  {
    "id": "brentford",
    "name": "Brentford",
    "country": "ENG",
    "league": "FA Premier League",
    "tier": 1,
    "lat": 51.49083,
    "lon": -0.28861,
    "ground": "Brentford Community Stadium",
    "aliases": [
      "brentford"
    ],
    "wikipedia": "https://en.wikipedia.org/wiki/Brentford_F.C.",
    "ground_wikipedia": "https://en.wikipedia.org/wiki/Brentford_Community_Stadium",
    "logo": "club_logos_by_league/PL/brentford.png"
  },
  {
    "id": "brighton_hove_albion",
    "name": "Brighton & Hove Albion",
    "country": "ENG",
    "league": "FA Premier League",
    "tier": 1,
    "lat": 50.861822,
    "lon": -0.083278,
    "ground": "Falmer Stadium",
    "aliases": [
      "brighton & hove albion",
      "brighton and hove albion"
    ],
    "wikipedia": "https://en.wikipedia.org/wiki/Brighton_%26_Hove_Albion_F.C.",
    "ground_wikipedia": "https://en.wikipedia.org/wiki/Falmer_Stadium",
    "logo": "club_logos_by_league/PL/brighton_hove_albion.png"
  },
  {
    "id": "chelsea",
    "name": "Chelsea",
    "country": "ENG",
    "league": "FA Premier League",
    "tier": 1,
    "lat": 51.481667,
    "lon": -0.191111,
    "ground": "Stamford Bridge",
    "aliases": [
      "chelsea"
    ],
    "wikipedia": "https://en.wikipedia.org/wiki/Chelsea_F.C.",
    "ground_wikipedia": "https://en.wikipedia.org/wiki/Stamford_Bridge_(stadium)",
    "logo": "club_logos_by_league/PL/chelsea.png"
  },
  {
    "id": "crystal_palace",
    "name": "Crystal Palace",
    "country": "ENG",
    "league": "FA Premier League",
    "tier": 1,
    "lat": 51.39833,
    "lon": -0.08556,
    "ground": "Selhurst Park",
    "aliases": [
      "crystal palace"
    ],
    "wikipedia": "https://en.wikipedia.org/wiki/Crystal_Palace_F.C.",
    "ground_wikipedia": "https://en.wikipedia.org/wiki/Selhurst_Park",
    "logo": "club_logos_by_league/PL/crystal_palace.png"
  },
  {
    "id": "everton",
    "name": "Everton",
    "country": "ENG",
    "league": "FA Premier League",
    "tier": 1,
    "lat": 53.4251,
    "lon": -3.0028,
    "ground": "Hill Dickinson Stadium",
    "aliases": [
      "everton"
    ],
    "wikipedia": "https://en.wikipedia.org/wiki/Everton_F.C.",
    "ground_wikipedia": "https://en.wikipedia.org/wiki/Hill_Dickinson_Stadium",
    "logo": "club_logos_by_league/PL/everton.png"
  },
  {
    "id": "fulham",
    "name": "Fulham",
    "country": "ENG",
    "league": "FA Premier League",
    "tier": 1,
    "lat": 51.475,
    "lon": -0.221667,
    "ground": "Craven Cottage",
    "aliases": [
      "fulham"
    ],
    "wikipedia": "https://en.wikipedia.org/wiki/Fulham_F.C.",
    "ground_wikipedia": "https://en.wikipedia.org/wiki/Craven_Cottage",
    "logo": "club_logos_by_league/PL/fulham.png"
  },
  {
    "id": "ipswich_town",
    "name": "Ipswich Town",
    "country": "ENG",
    "league": "FA Premier League",
    "tier": 1,
    "lat": 52.055,
    "lon": 1.14528,
    "ground": "Portman Road",
    "aliases": [
      "ipswich town"
    ],
    "wikipedia": "https://en.wikipedia.org/wiki/Ipswich_Town_F.C.",
    "ground_wikipedia": "https://en.wikipedia.org/wiki/Portman_Road",
    "logo": "club_logos_by_league/PL/ipswich_town.png"
  },
  {
    "id": "leicester_city",
    "name": "Leicester City",
    "country": "ENG",
    "league": "FA Premier League",
    "tier": 1,
    "lat": 52.620278,
    "lon": -1.142222,
    "ground": "King Power Stadium",
    "aliases": [
      "leicester city"
    ],
    "wikipedia": "https://en.wikipedia.org/wiki/Leicester_City_F.C.",
    "ground_wikipedia": "https://en.wikipedia.org/wiki/King_Power_Stadium",
    "logo": "club_logos_by_league/PL/leicester_city.png"
  },
  {
    "id": "liverpool",
    "name": "Liverpool",
    "country": "ENG",
    "league": "FA Premier League",
    "tier": 1,
    "lat": 53.4308,
    "lon": -2.9608,
    "ground": "Anfield",
    "aliases": [
      "liverpool"
    ],
    "wikipedia": "https://en.wikipedia.org/wiki/Liverpool_F.C.",
    "ground_wikipedia": "https://en.wikipedia.org/wiki/Anfield",
    "logo": "club_logos_by_league/PL/liverpool.png"
  },
  {
    "id": "manchester_city",
    "name": "Manchester City",
    "country": "ENG",
    "league": "FA Premier League",
    "tier": 1,
    "lat": 53.483056,
    "lon": -2.200278,
    "ground": "City of Manchester Stadium",
    "aliases": [
      "manchester city"
    ],
    "wikipedia": "https://en.wikipedia.org/wiki/Manchester_City_F.C.",
    "ground_wikipedia": "https://en.wikipedia.org/wiki/City_of_Manchester_Stadium",
    "logo": "club_logos_by_league/PL/manchester_city.png"
  },
  {
    "id": "manchester_united",
    "name": "Manchester United",
    "country": "ENG",
    "league": "FA Premier League",
    "tier": 1,
    "lat": 53.463056,
    "lon": -2.291389,
    "ground": "Old Trafford",
    "aliases": [
      "manchester united"
    ],
    "wikipedia": "https://en.wikipedia.org/wiki/Manchester_United_F.C.",
    "ground_wikipedia": "https://en.wikipedia.org/wiki/Old_Trafford",
    "logo": "club_logos_by_league/PL/manchester_united.png"
  },
  {
    "id": "newcastle_united",
    "name": "Newcastle United",
    "country": "ENG",
    "league": "FA Premier League",
    "tier": 1,
    "lat": 54.975556,
    "lon": -1.621667,
    "ground": "St James' Park",
    "aliases": [
      "newcastle united"
    ],
    "wikipedia": "https://en.wikipedia.org/wiki/Newcastle_United_F.C.",
    "ground_wikipedia": "https://en.wikipedia.org/wiki/St_James%27_Park",
    "logo": "club_logos_by_league/PL/newcastle_united.png"
  },
  {
    "id": "nottingham_forest",
    "name": "Nottingham Forest",
    "country": "ENG",
    "league": "FA Premier League",
    "tier": 1,
    "lat": 52.94,
    "lon": -1.13278,
    "ground": "City Ground",
    "aliases": [
      "nottingham forest"
    ],
    "wikipedia": "https://en.wikipedia.org/wiki/Nottingham_Forest_F.C.",
    "ground_wikipedia": "https://en.wikipedia.org/wiki/City_Ground",
    "logo": "club_logos_by_league/PL/nottingham_forest.png"
  },
  {
    "id": "southampton",
    "name": "Southampton",
    "country": "ENG",
    "league": "FA Premier League",
    "tier": 1,
    "lat": 50.90583,
    "lon": -1.39111,
    "ground": "St Mary's Stadium",
    "aliases": [
      "southampton"
    ],
    "wikipedia": "https://en.wikipedia.org/wiki/Southampton_F.C.",
    "ground_wikipedia": "https://en.wikipedia.org/wiki/St_Mary%27s_Stadium",
    "logo": "club_logos_by_league/PL/southampton.png"
  },
  {
    "id": "tottenham_hotspur",
    "name": "Tottenham Hotspur",
    "country": "ENG",
    "league": "FA Premier League",
    "tier": 1,
    "lat": 51.6044,
    "lon": -0.0664,
    "ground": "Tottenham Hotspur Stadium",
    "aliases": [
      "tottenham hotspur"
    ],
    "wikipedia": "https://en.wikipedia.org/wiki/Tottenham_Hotspur_F.C.",
    "ground_wikipedia": "https://en.wikipedia.org/wiki/Tottenham_Hotspur_Stadium",
    "logo": "club_logos_by_league/PL/tottenham_hotspur.png"
  },
  {
    "id": "west_ham_united",
    "name": "West Ham United",
    "country": "ENG",
    "league": "FA Premier League",
    "tier": 1,
    "lat": 51.5386,
    "lon": -0.0164,
    "ground": "London Stadium",
    "aliases": [
      "west ham united"
    ],
    "wikipedia": "https://en.wikipedia.org/wiki/West_Ham_United_F.C.",
    "ground_wikipedia": "https://en.wikipedia.org/wiki/London_Stadium",
    "logo": "club_logos_by_league/PL/west_ham_united.png"
  },
  {
    "id": "wolverhampton_wanderers",
    "name": "Wolverhampton Wanderers",
    "country": "ENG",
    "league": "FA Premier League",
    "tier": 1,
    "lat": 52.59028,
    "lon": -2.13028,
    "ground": "Molineux Stadium",
    "aliases": [
      "wolverhampton wanderers"
    ],
    "wikipedia": "https://en.wikipedia.org/wiki/Wolverhampton_Wanderers_F.C.",
    "ground_wikipedia": "https://en.wikipedia.org/wiki/Molineux_Stadium",
    "logo": "club_logos_by_league/PL/wolverhampton_wanderers.png"
  },
  {
    "id": "blackburn_rovers",
    "name": "Blackburn Rovers",
    "country": "ENG",
    "league": "Division One",
    "tier": 2,
    "lat": 53.72861,
    "lon": -2.48917,
    "ground": "Ewood Park",
    "aliases": [
      "blackburn rovers"
    ],
    "wikipedia": "https://en.wikipedia.org/wiki/Blackburn_Rovers_F.C.",
    "ground_wikipedia": "https://en.wikipedia.org/wiki/Ewood_Park",
    "logo": "club_logos_by_league/CH/blackburn_rovers.png"
  },
  {
    "id": "bristol_city",
    "name": "Bristol City",
    "country": "ENG",
    "league": "Division One",
    "tier": 2,
    "lat": 51.44,
    "lon": -2.62028,
    "ground": "Ashton Gate",
    "aliases": [
      "bristol city"
    ],
    "wikipedia": "https://en.wikipedia.org/wiki/Bristol_City_F.C.",
    "ground_wikipedia": "https://en.wikipedia.org/wiki/Ashton_Gate_(stadium)",
    "logo": "club_logos_by_league/CH/bristol_city.png"
  },
  {
    "id": "burnley",
    "name": "Burnley",
    "country": "ENG",
    "league": "Division One",
    "tier": 2,
    "lat": 53.78917,
    "lon": -2.23028,
    "ground": "Turf Moor",
    "aliases": [
      "burnley"
    ],
    "wikipedia": "https://en.wikipedia.org/wiki/Burnley_F.C.",
    "ground_wikipedia": "https://en.wikipedia.org/wiki/Turf_Moor",
    "logo": "club_logos_by_league/CH/burnley.png"
  },
  {
    "id": "cardiff_city",
    "name": "Cardiff City",
    "country": "ENG",
    "league": "Division One",
    "tier": 2,
    "lat": 51.47278,
    "lon": -3.20306,
    "ground": "Cardiff City Stadium",
    "aliases": [
      "cardiff city"
    ],
    "wikipedia": "https://en.wikipedia.org/wiki/Cardiff_City_F.C.",
    "ground_wikipedia": "https://en.wikipedia.org/wiki/Cardiff_City_Stadium",
    "logo": "club_logos_by_league/CH/cardiff_city.png"
  },
  {
    "id": "coventry_city",
    "name": "Coventry City",
    "country": "ENG",
    "league": "Division One",
    "tier": 2,
    "lat": 52.44806,
    "lon": -1.49556,
    "ground": "Coventry Building Society Arena",
    "aliases": [
      "coventry city"
    ],
    "wikipedia": "https://en.wikipedia.org/wiki/Coventry_City_F.C.",
    "ground_wikipedia": "https://en.wikipedia.org/wiki/Coventry_Building_Society_Arena",
    "logo": "club_logos_by_league/CH/coventry_city.png"
  },
  {
    "id": "derby_county",
    "name": "Derby County",
    "country": "ENG",
    "league": "Division One",
    "tier": 2,
    "lat": 52.915,
    "lon": -1.447222,
    "ground": "Pride Park Stadium",
    "aliases": [
      "derby county"
    ],
    "wikipedia": "https://en.wikipedia.org/wiki/Derby_County_F.C.",
    "ground_wikipedia": "https://en.wikipedia.org/wiki/Pride_Park_Stadium",
    "logo": "club_logos_by_league/CH/derby_county.png"
  },
  {
    "id": "hull_city",
    "name": "Hull City",
    "country": "ENG",
    "league": "Division One",
    "tier": 2,
    "lat": 53.74611,
    "lon": -0.36778,
    "ground": "MKM Stadium",
    "aliases": [
      "hull city"
    ],
    "wikipedia": "https://en.wikipedia.org/wiki/Hull_City_A.F.C.",
    "ground_wikipedia": "https://en.wikipedia.org/wiki/MKM_Stadium",
    "logo": "club_logos_by_league/CH/hull_city.png"
  },
  {
    "id": "leeds_united",
    "name": "Leeds United",
    "country": "ENG",
    "league": "Division One",
    "tier": 2,
    "lat": 53.77778,
    "lon": -1.57222,
    "ground": "Elland Road",
    "aliases": [
      "leeds united"
    ],
    "wikipedia": "https://en.wikipedia.org/wiki/Leeds_United_F.C.",
    "ground_wikipedia": "https://en.wikipedia.org/wiki/Elland_Road",
    "logo": "club_logos_by_league/CH/leeds_united.png"
  },
  {
    "id": "luton_town",
    "name": "Luton Town",
    "country": "ENG",
    "league": "Division One",
    "tier": 2,
    "lat": 51.88417,
    "lon": -0.43167,
    "ground": "Kenilworth Road",
    "aliases": [
      "luton town"
    ],
    "wikipedia": "https://en.wikipedia.org/wiki/Luton_Town_F.C.",
    "ground_wikipedia": "https://en.wikipedia.org/wiki/Kenilworth_Road",
    "logo": "club_logos_by_league/CH/luton_town.png"
  },
  {
    "id": "middlesbrough",
    "name": "Middlesbrough",
    "country": "ENG",
    "league": "Division One",
    "tier": 2,
    "lat": 54.57833,
    "lon": -1.21694,
    "ground": "Riverside Stadium",
    "aliases": [
      "middlesbrough"
    ],
    "wikipedia": "https://en.wikipedia.org/wiki/Middlesbrough_F.C.",
    "ground_wikipedia": "https://en.wikipedia.org/wiki/Riverside_Stadium",
    "logo": "club_logos_by_league/CH/middlesbrough.png"
  },
  {
    "id": "millwall",
    "name": "Millwall",
    "country": "ENG",
    "league": "Division One",
    "tier": 2,
    "lat": 51.48583,
    "lon": -0.05083,
    "ground": "The Den",
    "aliases": [
      "millwall"
    ],
    "wikipedia": "https://en.wikipedia.org/wiki/Millwall_F.C.",
    "ground_wikipedia": "https://en.wikipedia.org/wiki/The_Den",
    "logo": "club_logos_by_league/CH/millwall.png"
  },
  {
    "id": "norwich_city",
    "name": "Norwich City",
    "country": "ENG",
    "league": "Division One",
    "tier": 2,
    "lat": 52.62222,
    "lon": 1.30917,
    "ground": "Carrow Road",
    "aliases": [
      "norwich city"
    ],
    "wikipedia": "https://en.wikipedia.org/wiki/Norwich_City_F.C.",
    "ground_wikipedia": "https://en.wikipedia.org/wiki/Carrow_Road",
    "logo": "club_logos_by_league/CH/norwich_city.png"
  },
  {
    "id": "oxford_united",
    "name": "Oxford United",
    "country": "ENG",
    "league": "Division One",
    "tier": 2,
    "lat": 51.71639,
    "lon": -1.20806,
    "ground": "Kassam Stadium",
    "aliases": [
      "oxford united"
    ],
    "wikipedia": "https://en.wikipedia.org/wiki/Oxford_United_F.C.",
    "ground_wikipedia": "https://en.wikipedia.org/wiki/Kassam_Stadium",
    "logo": "club_logos_by_league/CH/oxford_united.png"
  },
  {
    "id": "plymouth_argyle",
    "name": "Plymouth Argyle",
    "country": "ENG",
    "league": "Division One",
    "tier": 2,
    "lat": 50.38806,
    "lon": -4.15083,
    "ground": "Home Park",
    "aliases": [
      "plymouth argyle"
    ],
    "wikipedia": "https://en.wikipedia.org/wiki/Plymouth_Argyle_F.C.",
    "ground_wikipedia": "https://en.wikipedia.org/wiki/Home_Park",
    "logo": "club_logos_by_league/CH/plymouth_argyle.png"
  },
  {
    "id": "portsmouth",
    "name": "Portsmouth",
    "country": "ENG",
    "league": "Division One",
    "tier": 2,
    "lat": 50.79639,
    "lon": -1.06389,
    "ground": "Fratton Park",
    "aliases": [
      "portsmouth"
    ],
    "wikipedia": "https://en.wikipedia.org/wiki/Portsmouth_F.C.",
    "ground_wikipedia": "https://en.wikipedia.org/wiki/Fratton_Park",
    "logo": "club_logos_by_league/CH/portsmouth.png"
  },
  {
    "id": "preston_north_end",
    "name": "Preston North End",
    "country": "ENG",
    "league": "Division One",
    "tier": 2,
    "lat": 53.77222,
    "lon": -2.68806,
    "ground": "Deepdale",
    "aliases": [
      "preston north end"
    ],
    "wikipedia": "https://en.wikipedia.org/wiki/Preston_North_End_F.C.",
    "ground_wikipedia": "https://en.wikipedia.org/wiki/Deepdale",
    "logo": "club_logos_by_league/CH/preston_north_end.png"
  },
  {
    "id": "queens_park_rangers",
    "name": "Queens Park Rangers",
    "country": "ENG",
    "league": "Division One",
    "tier": 2,
    "lat": 51.50917,
    "lon": -0.23222,
    "ground": "Loftus Road Stadium",
    "aliases": [
      "queens park rangers"
    ],
    "wikipedia": "https://en.wikipedia.org/wiki/Queens_Park_Rangers_F.C.",
    "ground_wikipedia": "https://en.wikipedia.org/wiki/Loftus_Road",
    "logo": "club_logos_by_league/CH/queens_park_rangers.png"
  },
  {
    "id": "sheffield_united",
    "name": "Sheffield United",
    "country": "ENG",
    "league": "Division One",
    "tier": 2,
    "lat": 53.37028,
    "lon": -1.47083,
    "ground": "Bramall Lane",
    "aliases": [
      "sheffield united"
    ],
    "wikipedia": "https://en.wikipedia.org/wiki/Sheffield_United_F.C.",
    "ground_wikipedia": "https://en.wikipedia.org/wiki/Bramall_Lane",
    "logo": "club_logos_by_league/CH/sheffield_united.png"
  },
  {
    "id": "sheffield_wednesday",
    "name": "Sheffield Wednesday",
    "country": "ENG",
    "league": "Division One",
    "tier": 2,
    "lat": 53.41139,
    "lon": -1.50056,
    "ground": "Hillsborough Stadium",
    "aliases": [
      "sheffield wednesday"
    ],
    "wikipedia": "https://en.wikipedia.org/wiki/Sheffield_Wednesday_F.C.",
    "ground_wikipedia": "https://en.wikipedia.org/wiki/Hillsborough_Stadium",
    "logo": "club_logos_by_league/CH/sheffield_wednesday.png"
  },
  {
    "id": "stoke_city",
    "name": "Stoke City",
    "country": "ENG",
    "league": "Division One",
    "tier": 2,
    "lat": 52.98833,
    "lon": -2.17556,
    "ground": "bet365 Stadium",
    "aliases": [
      "stoke city"
    ],
    "wikipedia": "https://en.wikipedia.org/wiki/Stoke_City_F.C.",
    "ground_wikipedia": "https://en.wikipedia.org/wiki/Bet365_Stadium",
    "logo": "club_logos_by_league/CH/stoke_city.png"
  },
  {
    "id": "sunderland",
    "name": "Sunderland",
    "country": "ENG",
    "league": "Division One",
    "tier": 2,
    "lat": 54.914429,
    "lon": -1.388173,
    "ground": "Stadium of Light",
    "aliases": [
      "sunderland"
    ],
    "wikipedia": "https://en.wikipedia.org/wiki/Sunderland_A.F.C.",
    "ground_wikipedia": "https://en.wikipedia.org/wiki/Stadium_of_Light",
    "logo": "club_logos_by_league/CH/sunderland.png"
  },
  {
    "id": "swansea_city",
    "name": "Swansea City",
    "country": "ENG",
    "league": "Division One",
    "tier": 2,
    "lat": 51.6422,
    "lon": -3.9351,
    "ground": "Swansea.com Stadium",
    "aliases": [
      "swansea city"
    ],
    "wikipedia": "https://en.wikipedia.org/wiki/Swansea_City_A.F.C.",
    "ground_wikipedia": "https://en.wikipedia.org/wiki/Swansea.com_Stadium",
    "logo": "club_logos_by_league/CH/swansea_city.png"
  },
  {
    "id": "watford",
    "name": "Watford",
    "country": "ENG",
    "league": "Division One",
    "tier": 2,
    "lat": 51.64972,
    "lon": -0.40139,
    "ground": "Vicarage Road",
    "aliases": [
      "watford"
    ],
    "wikipedia": "https://en.wikipedia.org/wiki/Watford_F.C.",
    "ground_wikipedia": "https://en.wikipedia.org/wiki/Vicarage_Road",
    "logo": "club_logos_by_league/CH/watford.png"
  },
  {
    "id": "west_bromwich_albion",
    "name": "West Bromwich Albion",
    "country": "ENG",
    "league": "Division One",
    "tier": 2,
    "lat": 52.50917,
    "lon": -1.96389,
    "ground": "The Hawthorns",
    "aliases": [
      "west bromwich albion"
    ],
    "wikipedia": "https://en.wikipedia.org/wiki/West_Bromwich_Albion_F.C.",
    "ground_wikipedia": "https://en.wikipedia.org/wiki/The_Hawthorns",
    "logo": "club_logos_by_league/CH/west_bromwich_albion.png"
  },
  {
    "id": "barnsley",
    "name": "Barnsley",
    "country": "ENG",
    "league": "Division Two",
    "tier": 3,
    "lat": 53.55222,
    "lon": -1.4675,
    "ground": "Oakwell",
    "aliases": [
      "barnsley"
    ],
    "wikipedia": "https://en.wikipedia.org/wiki/Barnsley_F.C.",
    "ground_wikipedia": "https://en.wikipedia.org/wiki/Oakwell",
    "logo": "club_logos_by_league/L1/barnsley.png"
  },
  {
    "id": "birmingham_city",
    "name": "Birmingham City",
    "country": "ENG",
    "league": "Division Two",
    "tier": 3,
    "lat": 52.47583,
    "lon": -1.86806,
    "ground": "St Andrew's",
    "aliases": [
      "birmingham city"
    ],
    "wikipedia": "https://en.wikipedia.org/wiki/Birmingham_City_F.C.",
    "ground_wikipedia": "https://en.wikipedia.org/wiki/St_Andrew%27s_(stadium)",
    "logo": "club_logos_by_league/L1/birmingham_city.png"
  },
  {
    "id": "blackpool",
    "name": "Blackpool",
    "country": "ENG",
    "league": "Division Two",
    "tier": 3,
    "lat": 53.80472,
    "lon": -3.04806,
    "ground": "Bloomfield Road",
    "aliases": [
      "blackpool"
    ],
    "wikipedia": "https://en.wikipedia.org/wiki/Blackpool_F.C.",
    "ground_wikipedia": "https://en.wikipedia.org/wiki/Bloomfield_Road",
    "logo": "club_logos_by_league/L1/blackpool.png"
  },
  {
    "id": "bolton_wanderers",
    "name": "Bolton Wanderers",
    "country": "ENG",
    "league": "Division Two",
    "tier": 3,
    "lat": 53.580556,
    "lon": -2.535556,
    "ground": "Toughsheet Community Stadium",
    "aliases": [
      "bolton wanderers"
    ],
    "wikipedia": "https://en.wikipedia.org/wiki/Bolton_Wanderers_F.C.",
    "ground_wikipedia": "https://en.wikipedia.org/wiki/Toughsheet_Community_Stadium",
    "logo": "club_logos_by_league/L1/bolton_wanderers.png"
  },
  {
    "id": "bristol_rovers",
    "name": "Bristol Rovers",
    "country": "ENG",
    "league": "Division Two",
    "tier": 3,
    "lat": 51.4862,
    "lon": -2.5831,
    "ground": "Memorial Stadium",
    "aliases": [
      "bristol rovers"
    ],
    "wikipedia": "https://en.wikipedia.org/wiki/Bristol_Rovers_F.C.",
    "ground_wikipedia": "https://en.wikipedia.org/wiki/Memorial_Stadium_(Bristol)",
    "logo": "club_logos_by_league/L1/bristol_rovers.png"
  },
  {
    "id": "burton_albion",
    "name": "Burton Albion",
    "country": "ENG",
    "league": "Division Two",
    "tier": 3,
    "lat": 52.82194,
    "lon": -1.62694,
    "ground": "Pirelli Stadium",
    "aliases": [
      "burton albion"
    ],
    "wikipedia": "https://en.wikipedia.org/wiki/Burton_Albion_F.C.",
    "ground_wikipedia": "https://en.wikipedia.org/wiki/Pirelli_Stadium",
    "logo": "club_logos_by_league/L1/burton_albion.png"
  },
  {
    "id": "cambridge_united",
    "name": "Cambridge United",
    "country": "ENG",
    "league": "Division Two",
    "tier": 3,
    "lat": 52.2121,
    "lon": 0.15415,
    "ground": "Abbey Stadium",
    "aliases": [
      "cambridge united"
    ],
    "wikipedia": "https://en.wikipedia.org/wiki/Cambridge_United_F.C.",
    "ground_wikipedia": "https://en.wikipedia.org/wiki/Abbey_Stadium",
    "logo": "club_logos_by_league/L1/cambridge_united.png"
  },
  {
    "id": "charlton_athletic",
    "name": "Charlton Athletic",
    "country": "ENG",
    "league": "Division Two",
    "tier": 3,
    "lat": 51.48639,
    "lon": 0.03639,
    "ground": "The Valley",
    "aliases": [
      "charlton athletic"
    ],
    "wikipedia": "https://en.wikipedia.org/wiki/Charlton_Athletic_F.C.",
    "ground_wikipedia": "https://en.wikipedia.org/wiki/The_Valley_(stadium)",
    "logo": "club_logos_by_league/L1/charlton_athletic.png"
  },
  {
    "id": "crawley_town",
    "name": "Crawley Town",
    "country": "ENG",
    "league": "Division Two",
    "tier": 3,
    "lat": 51.09972,
    "lon": -0.19472,
    "ground": "Broadfield Stadium",
    "aliases": [
      "crawley town"
    ],
    "wikipedia": "https://en.wikipedia.org/wiki/Crawley_Town_F.C.",
    "ground_wikipedia": "https://en.wikipedia.org/wiki/Broadfield_Stadium",
    "logo": "club_logos_by_league/L1/crawley_town.png"
  },
  {
    "id": "exeter_city",
    "name": "Exeter City",
    "country": "ENG",
    "league": "Division Two",
    "tier": 3,
    "lat": 50.73083,
    "lon": -3.52111,
    "ground": "St James Park",
    "aliases": [
      "exeter city"
    ],
    "wikipedia": "https://en.wikipedia.org/wiki/Exeter_City_F.C.",
    "ground_wikipedia": "https://en.wikipedia.org/wiki/St_James_Park_(Exeter)",
    "logo": "club_logos_by_league/L1/exeter_city.png"
  },
  {
    "id": "huddersfield_town",
    "name": "Huddersfield Town",
    "country": "ENG",
    "league": "Division Two",
    "tier": 3,
    "lat": 53.654167,
    "lon": -1.768333,
    "ground": "Accu Stadium",
    "aliases": [
      "huddersfield town"
    ],
    "wikipedia": "https://en.wikipedia.org/wiki/Huddersfield_Town_F.C",
    "ground_wikipedia": "https://en.wikipedia.org/wiki/Kirklees_Stadium",
    "logo": "club_logos_by_league/L1/huddersfield_town.png"
  },
  {
    "id": "leyton_orient",
    "name": "Leyton Orient",
    "country": "ENG",
    "league": "Division Two",
    "tier": 3,
    "lat": 51.56028,
    "lon": -0.01278,
    "ground": "Brisbane Road",
    "aliases": [
      "leyton orient"
    ],
    "wikipedia": "https://en.wikipedia.org/wiki/Leyton_Orient_F.C.",
    "ground_wikipedia": "https://en.wikipedia.org/wiki/Brisbane_Road",
    "logo": "club_logos_by_league/L1/leyton_orient.png"
  },
  {
    "id": "lincoln_city",
    "name": "Lincoln City",
    "country": "ENG",
    "league": "Division Two",
    "tier": 3,
    "lat": 53.21833,
    "lon": -0.54083,
    "ground": "Sincil Bank",
    "aliases": [
      "lincoln city"
    ],
    "wikipedia": "https://en.wikipedia.org/wiki/Lincoln_City_F.C.",
    "ground_wikipedia": "https://en.wikipedia.org/wiki/Sincil_Bank",
    "logo": "club_logos_by_league/L1/lincoln_city.png"
  },
  {
    "id": "mansfield_town",
    "name": "Mansfield Town",
    "country": "ENG",
    "league": "Division Two",
    "tier": 3,
    "lat": 53.13806,
    "lon": -1.20056,
    "ground": "One Call Stadium",
    "aliases": [
      "mansfield town"
    ],
    "wikipedia": "https://en.wikipedia.org/wiki/Mansfield_Town_F.C.",
    "ground_wikipedia": "https://en.wikipedia.org/wiki/One_Call_Stadium",
    "logo": "club_logos_by_league/L1/mansfield_town.png"
  },
  {
    "id": "northampton_town",
    "name": "Northampton Town",
    "country": "ENG",
    "league": "Division Two",
    "tier": 3,
    "lat": 52.23528,
    "lon": -0.93333,
    "ground": "Sixfields Stadium",
    "aliases": [
      "northampton town"
    ],
    "wikipedia": "https://en.wikipedia.org/wiki/Northampton_Town_F.C.",
    "ground_wikipedia": "https://en.wikipedia.org/wiki/Sixfields_Stadium",
    "logo": "club_logos_by_league/L1/northampton_town.png"
  },
  {
    "id": "peterborough_united",
    "name": "Peterborough United",
    "country": "ENG",
    "league": "Division Two",
    "tier": 3,
    "lat": 52.56472,
    "lon": -0.24028,
    "ground": "London Road",
    "aliases": [
      "peterborough united"
    ],
    "wikipedia": "https://en.wikipedia.org/wiki/Peterborough_United_F.C.",
    "ground_wikipedia": "https://en.wikipedia.org/wiki/London_Road_Stadium",
    "logo": "club_logos_by_league/L1/peterborough_united.png"
  },
  {
    "id": "reading",
    "name": "Reading",
    "country": "ENG",
    "league": "Division Two",
    "tier": 3,
    "lat": 51.42222,
    "lon": -0.98278,
    "ground": "Select Car Leasing Stadium",
    "aliases": [
      "reading"
    ],
    "wikipedia": "https://en.wikipedia.org/wiki/Reading_F.C.",
    "ground_wikipedia": "https://en.wikipedia.org/wiki/Select_Car_Leasing_Stadium",
    "logo": "club_logos_by_league/L1/reading.png"
  },
  {
    "id": "rotherham_united",
    "name": "Rotherham United",
    "country": "ENG",
    "league": "Division Two",
    "tier": 3,
    "lat": 53.4279,
    "lon": -1.362,
    "ground": "New York Stadium",
    "aliases": [
      "rotherham united"
    ],
    "wikipedia": "https://en.wikipedia.org/wiki/Rotherham_United_F.C.",
    "ground_wikipedia": "https://en.wikipedia.org/wiki/New_York_Stadium",
    "logo": "club_logos_by_league/L1/rotherham_united.png"
  },
  {
    "id": "shrewsbury_town",
    "name": "Shrewsbury Town",
    "country": "ENG",
    "league": "Division Two",
    "tier": 3,
    "lat": 52.6886,
    "lon": -2.7493,
    "ground": "New Meadow",
    "aliases": [
      "shrewsbury town"
    ],
    "wikipedia": "https://en.wikipedia.org/wiki/Shrewsbury_Town_F.C.",
    "ground_wikipedia": "https://en.wikipedia.org/wiki/New_Meadow",
    "logo": "club_logos_by_league/L1/shrewsbury_town.png"
  },
  {
    "id": "stevenage",
    "name": "Stevenage",
    "country": "ENG",
    "league": "Division Two",
    "tier": 3,
    "lat": 51.889839,
    "lon": -0.193608,
    "ground": "Broadhall Way",
    "aliases": [
      "stevenage"
    ],
    "wikipedia": "https://en.wikipedia.org/wiki/Stevenage_F.C.",
    "ground_wikipedia": "https://en.wikipedia.org/wiki/Broadhall_Way",
    "logo": "club_logos_by_league/L1/stevenage.png"
  },
  {
    "id": "stockport_county",
    "name": "Stockport County",
    "country": "ENG",
    "league": "Division Two",
    "tier": 3,
    "lat": 53.39972,
    "lon": -2.16639,
    "ground": "Edgeley Park",
    "aliases": [
      "stockport county"
    ],
    "wikipedia": "https://en.wikipedia.org/wiki/Stockport_County_F.C.",
    "ground_wikipedia": "https://en.wikipedia.org/wiki/Edgeley_Park",
    "logo": "club_logos_by_league/L1/stockport_county.png"
  },
  {
    "id": "wigan_athletic",
    "name": "Wigan Athletic",
    "country": "ENG",
    "league": "Division Two",
    "tier": 3,
    "lat": 53.54778,
    "lon": -2.65389,
    "ground": "Brick Community Stadium",
    "aliases": [
      "wigan athletic"
    ],
    "wikipedia": "https://en.wikipedia.org/wiki/Wigan_Athletic_F.C.",
    "ground_wikipedia": "https://en.wikipedia.org/wiki/Brick_Community_Stadium",
    "logo": "club_logos_by_league/L1/wigan_athletic.png"
  },
  {
    "id": "wrexham",
    "name": "Wrexham",
    "country": "ENG",
    "league": "Division Two",
    "tier": 3,
    "lat": 53.05194,
    "lon": -3.00361,
    "ground": "Racecourse Ground",
    "aliases": [
      "wrexham"
    ],
    "wikipedia": "https://en.wikipedia.org/wiki/Wrexham_A.F.C.",
    "ground_wikipedia": "https://en.wikipedia.org/wiki/Racecourse_Ground",
    "logo": "club_logos_by_league/L1/wrexham.png"
  },
  {
    "id": "wycombe_wanderers",
    "name": "Wycombe Wanderers",
    "country": "ENG",
    "league": "Division Two",
    "tier": 3,
    "lat": 51.63056,
    "lon": -0.80028,
    "ground": "Adams Park",
    "aliases": [
      "wycombe wanderers"
    ],
    "wikipedia": "https://en.wikipedia.org/wiki/Wycombe_Wanderers_F.C.",
    "ground_wikipedia": "https://en.wikipedia.org/wiki/Adams_Park",
    "logo": "club_logos_by_league/L1/wycombe_wanderers.png"
  },
  {
    "id": "afc_wimbledon",
    "name": "AFC Wimbledon",
    "country": "ENG",
    "league": "Division Three",
    "tier": 4,
    "lat": 51.43139,
    "lon": -0.18667,
    "ground": "Plough Lane",
    "aliases": [
      "afc wimbledon"
    ],
    "wikipedia": "https://en.wikipedia.org/wiki/AFC_Wimbledon",
    "ground_wikipedia": "https://en.wikipedia.org/wiki/Plough_Lane",
    "logo": "club_logos_by_league/L2/afc_wimbledon.png"
  },
  {
    "id": "accrington_stanley",
    "name": "Accrington Stanley",
    "country": "ENG",
    "league": "Division Three",
    "tier": 4,
    "lat": 53.76528,
    "lon": -2.37083,
    "ground": "Crown Ground",
    "aliases": [
      "accrington stanley"
    ],
    "wikipedia": "https://en.wikipedia.org/wiki/Accrington_Stanley_F.C.",
    "ground_wikipedia": "https://en.wikipedia.org/wiki/Crown_Ground",
    "logo": "club_logos_by_league/L2/accrington_stanley.png"
  },
  {
    "id": "barrow",
    "name": "Barrow",
    "country": "ENG",
    "league": "Division Three",
    "tier": 4,
    "lat": 54.12333,
    "lon": -3.235,
    "ground": "Holker Street",
    "aliases": [
      "barrow"
    ],
    "wikipedia": "https://en.wikipedia.org/wiki/Barrow_A.F.C.",
    "ground_wikipedia": "https://en.wikipedia.org/wiki/Holker_Street",
    "logo": "club_logos_by_league/L2/barrow.png"
  },
  {
    "id": "bradford_city",
    "name": "Bradford City",
    "country": "ENG",
    "league": "Division Three",
    "tier": 4,
    "lat": 53.80417,
    "lon": -1.75889,
    "ground": "Valley Parade",
    "aliases": [
      "bradford city"
    ],
    "wikipedia": "https://en.wikipedia.org/wiki/Bradford_City_A.F.C.",
    "ground_wikipedia": "https://en.wikipedia.org/wiki/Valley_Parade",
    "logo": "club_logos_by_league/L2/bradford_city.png"
  },
  {
    "id": "bromley",
    "name": "Bromley",
    "country": "ENG",
    "league": "Division Three",
    "tier": 4,
    "lat": 51.39,
    "lon": 0.02111,
    "ground": "Hayes Lane",
    "aliases": [
      "bromley"
    ],
    "wikipedia": "https://en.wikipedia.org/wiki/Bromley_F.C.",
    "ground_wikipedia": "https://en.wikipedia.org/wiki/Hayes_Lane",
    "logo": "club_logos_by_league/L2/bromley.png"
  },
  {
    "id": "carlisle_united",
    "name": "Carlisle United",
    "country": "ENG",
    "league": "Division Three",
    "tier": 4,
    "lat": 54.8956,
    "lon": -2.9137,
    "ground": "Brunton Park",
    "aliases": [
      "carlisle united"
    ],
    "wikipedia": "https://en.wikipedia.org/wiki/Carlisle_United_F.C.",
    "ground_wikipedia": "https://en.wikipedia.org/wiki/Brunton_Park",
    "logo": "club_logos_by_league/L2/carlisle_united.png"
  },
  {
    "id": "cheltenham_town",
    "name": "Cheltenham Town",
    "country": "ENG",
    "league": "Division Three",
    "tier": 4,
    "lat": 51.90611,
    "lon": -2.06028,
    "ground": "Whaddon Road",
    "aliases": [
      "cheltenham town"
    ],
    "wikipedia": "https://en.wikipedia.org/wiki/Cheltenham_Town_F.C.",
    "ground_wikipedia": "https://en.wikipedia.org/wiki/Whaddon_Road",
    "logo": "club_logos_by_league/L2/cheltenham_town.png"
  },
  {
    "id": "chesterfield",
    "name": "Chesterfield",
    "country": "ENG",
    "league": "Division Three",
    "tier": 4,
    "lat": 53.25361,
    "lon": -1.42583,
    "ground": "SMH Group Stadium",
    "aliases": [
      "chesterfield"
    ],
    "wikipedia": "https://en.wikipedia.org/wiki/Chesterfield_F.C.",
    "ground_wikipedia": "https://en.wikipedia.org/wiki/SMH_Group_Stadium",
    "logo": "club_logos_by_league/L2/chesterfield.png"
  },
  {
    "id": "colchester_united",
    "name": "Colchester United",
    "country": "ENG",
    "league": "Division Three",
    "tier": 4,
    "lat": 51.923,
    "lon": 0.897,
    "ground": "Colchester Community Stadium",
    "aliases": [
      "colchester united"
    ],
    "wikipedia": "https://en.wikipedia.org/wiki/Colchester_United_F.C.",
    "ground_wikipedia": "https://en.wikipedia.org/wiki/Colchester_Community_Stadium",
    "logo": "club_logos_by_league/L2/colchester_united.png"
  },
  {
    "id": "crewe_alexandra",
    "name": "Crewe Alexandra",
    "country": "ENG",
    "league": "Division Three",
    "tier": 4,
    "lat": 53.0875,
    "lon": -2.43583,
    "ground": "Gresty Road",
    "aliases": [
      "crewe alexandra"
    ],
    "wikipedia": "https://en.wikipedia.org/wiki/Crewe_Alexandra_F.C.",
    "ground_wikipedia": "https://en.wikipedia.org/wiki/Gresty_Road",
    "logo": "club_logos_by_league/L2/crewe_alexandra.png"
  },
  {
    "id": "doncaster_rovers",
    "name": "Doncaster Rovers",
    "country": "ENG",
    "league": "Division Three",
    "tier": 4,
    "lat": 53.50972,
    "lon": -1.11389,
    "ground": "Eco-Power Stadium",
    "aliases": [
      "doncaster rovers"
    ],
    "wikipedia": "https://en.wikipedia.org/wiki/Doncaster_Rovers_F.C.",
    "ground_wikipedia": "https://en.wikipedia.org/wiki/Eco-Power_Stadium",
    "logo": "club_logos_by_league/L2/doncaster_rovers.png"
  },
  {
    "id": "fleetwood_town",
    "name": "Fleetwood Town",
    "country": "ENG",
    "league": "Division Three",
    "tier": 4,
    "lat": 53.9165,
    "lon": -3.0247,
    "ground": "Highbury Stadium",
    "aliases": [
      "fleetwood town"
    ],
    "wikipedia": "https://en.wikipedia.org/wiki/Fleetwood_Town_F.C.",
    "ground_wikipedia": "https://en.wikipedia.org/wiki/Highbury_Stadium_(Fleetwood)",
    "logo": "club_logos_by_league/L2/fleetwood_town.png"
  },
  {
    "id": "gillingham",
    "name": "Gillingham",
    "country": "ENG",
    "league": "Division Three",
    "tier": 4,
    "lat": 51.38417,
    "lon": 0.56083,
    "ground": "Priestfield Stadium",
    "aliases": [
      "gillingham"
    ],
    "wikipedia": "https://en.wikipedia.org/wiki/Gillingham_F.C.",
    "ground_wikipedia": "https://en.wikipedia.org/wiki/Priestfield_Stadium",
    "logo": "club_logos_by_league/L2/gillingham.png"
  },
  {
    "id": "grimsby_town",
    "name": "Grimsby Town",
    "country": "ENG",
    "league": "Division Three",
    "tier": 4,
    "lat": 53.57028,
    "lon": -0.04639,
    "ground": "Blundell Park",
    "aliases": [
      "grimsby town"
    ],
    "wikipedia": "https://en.wikipedia.org/wiki/Grimsby_Town_F.C.",
    "ground_wikipedia": "https://en.wikipedia.org/wiki/Blundell_Park",
    "logo": "club_logos_by_league/L2/grimsby_town.png"
  },
  {
    "id": "harrogate_town",
    "name": "Harrogate Town",
    "country": "ENG",
    "league": "Division Three",
    "tier": 4,
    "lat": 53.99167,
    "lon": -1.51444,
    "ground": "Wetherby Road",
    "aliases": [
      "harrogate town"
    ],
    "wikipedia": "https://en.wikipedia.org/wiki/Harrogate_Town_A.F.C.",
    "ground_wikipedia": "https://en.wikipedia.org/wiki/Wetherby_Road",
    "logo": "club_logos_by_league/L2/harrogate_town.png"
  },
  {
    "id": "milton_keynes_dons",
    "name": "Milton Keynes Dons",
    "country": "ENG",
    "league": "Division Three",
    "tier": 4,
    "lat": 52.00944,
    "lon": -0.73333,
    "ground": "Stadium MK",
    "aliases": [
      "milton keynes dons"
    ],
    "wikipedia": "https://en.wikipedia.org/wiki/Milton_Keynes_Dons_F.C.",
    "ground_wikipedia": "https://en.wikipedia.org/wiki/Stadium_MK",
    "logo": "club_logos_by_league/L2/milton_keynes_dons.png"
  },
  {
    "id": "morecambe",
    "name": "Morecambe",
    "country": "ENG",
    "league": "Division Three",
    "tier": 4,
    "lat": 54.0615,
    "lon": -2.8672,
    "ground": "Mazuma Mobile Stadium",
    "aliases": [
      "morecambe"
    ],
    "wikipedia": "https://en.wikipedia.org/wiki/Morecambe_F.C.",
    "ground_wikipedia": "https://en.wikipedia.org/wiki/Mazuma_Mobile_Stadium",
    "logo": "club_logos_by_league/L2/morecambe.png"
  },
  {
    "id": "newport_county",
    "name": "Newport County",
    "country": "ENG",
    "league": "Division Three",
    "tier": 4,
    "lat": 51.58833,
    "lon": -2.98778,
    "ground": "Rodney Parade",
    "aliases": [
      "newport county"
    ],
    "wikipedia": "https://en.wikipedia.org/wiki/Newport_County_A.F.C.",
    "ground_wikipedia": "https://en.wikipedia.org/wiki/Rodney_Parade",
    "logo": "club_logos_by_league/L2/newport_county.png"
  },
  {
    "id": "notts_county",
    "name": "Notts County",
    "country": "ENG",
    "league": "Division Three",
    "tier": 4,
    "lat": 52.9425,
    "lon": -1.13722,
    "ground": "Meadow Lane",
    "aliases": [
      "notts county"
    ],
    "wikipedia": "https://en.wikipedia.org/wiki/Notts_County_F.C.",
    "ground_wikipedia": "https://en.wikipedia.org/wiki/Meadow_Lane",
    "logo": "club_logos_by_league/L2/notts_county.png"
  },
  {
    "id": "port_vale",
    "name": "Port Vale",
    "country": "ENG",
    "league": "Division Three",
    "tier": 4,
    "lat": 53.04972,
    "lon": -2.1925,
    "ground": "Vale Park",
    "aliases": [
      "port vale"
    ],
    "wikipedia": "https://en.wikipedia.org/wiki/Port_Vale_F.C.",
    "ground_wikipedia": "https://en.wikipedia.org/wiki/Vale_Park",
    "logo": "club_logos_by_league/L2/port_vale.png"
  },
  {
    "id": "salford_city",
    "name": "Salford City",
    "country": "ENG",
    "league": "Division Three",
    "tier": 4,
    "lat": 53.51361,
    "lon": -2.27667,
    "ground": "Moor Lane",
    "aliases": [
      "salford city"
    ],
    "wikipedia": "https://en.wikipedia.org/wiki/Salford_City_F.C.",
    "ground_wikipedia": "https://en.wikipedia.org/wiki/Moor_Lane",
    "logo": "club_logos_by_league/L2/salford_city.png"
  },
  {
    "id": "swindon_town",
    "name": "Swindon Town",
    "country": "ENG",
    "league": "Division Three",
    "tier": 4,
    "lat": 51.56444,
    "lon": -1.77056,
    "ground": "The County Ground",
    "aliases": [
      "swindon town"
    ],
    "wikipedia": "https://en.wikipedia.org/wiki/Swindon_Town_F.C.",
    "ground_wikipedia": "https://en.wikipedia.org/wiki/County_Ground_(Swindon)",
    "logo": "club_logos_by_league/L2/swindon_town.png"
  },
  {
    "id": "tranmere_rovers",
    "name": "Tranmere Rovers",
    "country": "ENG",
    "league": "Division Three",
    "tier": 4,
    "lat": 53.37361,
    "lon": -3.0325,
    "ground": "Prenton Park",
    "aliases": [
      "tranmere rovers"
    ],
    "wikipedia": "https://en.wikipedia.org/wiki/Tranmere_Rovers_F.C.",
    "ground_wikipedia": "https://en.wikipedia.org/wiki/Prenton_Park",
    "logo": "club_logos_by_league/L2/tranmere_rovers.png"
  },
  {
    "id": "walsall",
    "name": "Walsall",
    "country": "ENG",
    "league": "Division Three",
    "tier": 4,
    "lat": 52.5655,
    "lon": -1.9909,
    "ground": "Bescot Stadium",
    "aliases": [
      "walsall"
    ],
    "wikipedia": "https://en.wikipedia.org/wiki/Walsall_F.C.",
    "ground_wikipedia": "https://en.wikipedia.org/wiki/Bescot_Stadium",
    "logo": "club_logos_by_league/L2/walsall.png"
  },
  {
    "id": "aberdeen",
    "name": "Aberdeen",
    "country": "SCO",
    "league": "Scottish Premier Division",
    "tier": 1,
    "lat": 57.15917,
    "lon": -2.08889,
    "ground": "Pittodrie Stadium",
    "aliases": [
      "aberdeen"
    ],
    "wikipedia": "https://en.wikipedia.org/wiki/Aberdeen_F.C.",
    "ground_wikipedia": "https://en.wikipedia.org/wiki/Pittodrie_Stadium",
    "logo": "club_logos_by_league/SP/aberdeen.png"
  },
  {
    "id": "celtic",
    "name": "Celtic",
    "country": "SCO",
    "league": "Scottish Premier Division",
    "tier": 1,
    "lat": 55.84972,
    "lon": -4.20556,
    "ground": "Celtic Park",
    "aliases": [
      "celtic"
    ],
    "wikipedia": "https://en.wikipedia.org/wiki/Celtic_F.C.",
    "ground_wikipedia": "https://en.wikipedia.org/wiki/Celtic_Park",
    "logo": "club_logos_by_league/SP/celtic.png"
  },
  {
    "id": "dundee",
    "name": "Dundee",
    "country": "SCO",
    "league": "Scottish Premier Division",
    "tier": 1,
    "lat": 56.47472,
    "lon": -2.97361,
    "ground": "Dens Park",
    "aliases": [
      "dundee"
    ],
    "wikipedia": "https://en.wikipedia.org/wiki/Dundee_F.C.",
    "ground_wikipedia": "https://en.wikipedia.org/wiki/Dens_Park",
    "logo": "club_logos_by_league/SP/dundee.png"
  },
  {
    "id": "dundee_united",
    "name": "Dundee United",
    "country": "SCO",
    "league": "Scottish Premier Division",
    "tier": 1,
    "lat": 56.47472,
    "lon": -2.96889,
    "ground": "Tannadice Park",
    "aliases": [
      "dundee united"
    ],
    "wikipedia": "https://en.wikipedia.org/wiki/Dundee_United_F.C.",
    "ground_wikipedia": "https://en.wikipedia.org/wiki/Tannadice_Park",
    "logo": "club_logos_by_league/SP/dundee_united.png"
  },
  {
    "id": "heart_of_midlothian",
    "name": "Heart of Midlothian",
    "country": "SCO",
    "league": "Scottish Premier Division",
    "tier": 1,
    "lat": 55.93917,
    "lon": -3.23222,
    "ground": "Tynecastle Park",
    "aliases": [
      "heart of midlothian"
    ],
    "wikipedia": "https://en.wikipedia.org/wiki/Heart_of_Midlothian_F.C.",
    "ground_wikipedia": "https://en.wikipedia.org/wiki/Tynecastle_Park",
    "logo": "club_logos_by_league/SP/heart_of_midlothian.png"
  },
  {
    "id": "hibernian",
    "name": "Hibernian",
    "country": "SCO",
    "league": "Scottish Premier Division",
    "tier": 1,
    "lat": 55.96167,
    "lon": -3.16556,
    "ground": "Easter Road",
    "aliases": [
      "hibernian"
    ],
    "wikipedia": "https://en.wikipedia.org/wiki/Hibernian_F.C.",
    "ground_wikipedia": "https://en.wikipedia.org/wiki/Easter_Road",
    "logo": "club_logos_by_league/SP/hibernian.png"
  },
  {
    "id": "kilmarnock",
    "name": "Kilmarnock",
    "country": "SCO",
    "league": "Scottish Premier Division",
    "tier": 1,
    "lat": 55.60417,
    "lon": -4.50806,
    "ground": "Rugby Park",
    "aliases": [
      "kilmarnock"
    ],
    "wikipedia": "https://en.wikipedia.org/wiki/Kilmarnock_F.C.",
    "ground_wikipedia": "https://en.wikipedia.org/wiki/Rugby_Park",
    "logo": "club_logos_by_league/SP/kilmarnock.png"
  },
  {
    "id": "motherwell",
    "name": "Motherwell",
    "country": "SCO",
    "league": "Scottish Premier Division",
    "tier": 1,
    "lat": 55.78,
    "lon": -3.98,
    "ground": "Fir Park",
    "aliases": [
      "motherwell"
    ],
    "wikipedia": "https://en.wikipedia.org/wiki/Motherwell_F.C.",
    "ground_wikipedia": "https://en.wikipedia.org/wiki/Fir_Park",
    "logo": "club_logos_by_league/SP/motherwell.png"
  },
  {
    "id": "rangers",
    "name": "Rangers",
    "country": "SCO",
    "league": "Scottish Premier Division",
    "tier": 1,
    "lat": 55.85306,
    "lon": -4.30917,
    "ground": "Ibrox Stadium",
    "aliases": [
      "rangers"
    ],
    "wikipedia": "https://en.wikipedia.org/wiki/Rangers_F.C.",
    "ground_wikipedia": "https://en.wikipedia.org/wiki/Ibrox_Stadium",
    "logo": "club_logos_by_league/SP/rangers.png"
  },
  {
    "id": "ross_county",
    "name": "Ross County",
    "country": "SCO",
    "league": "Scottish Premier Division",
    "tier": 1,
    "lat": 57.59583,
    "lon": -4.41889,
    "ground": "Victoria Park",
    "aliases": [
      "ross county"
    ],
    "wikipedia": "https://en.wikipedia.org/wiki/Ross_County_F.C.",
    "ground_wikipedia": "https://en.wikipedia.org/wiki/Victoria_Park,_Dingwall",
    "logo": "club_logos_by_league/SP/ross_county.png"
  },
  {
    "id": "st_johnstone",
    "name": "St Johnstone",
    "country": "SCO",
    "league": "Scottish Premier Division",
    "tier": 1,
    "lat": 56.40972,
    "lon": -3.47694,
    "ground": "McDiarmid Park",
    "aliases": [
      "st johnstone"
    ],
    "wikipedia": "https://en.wikipedia.org/wiki/St_Johnstone_F.C.",
    "ground_wikipedia": "https://en.wikipedia.org/wiki/McDiarmid_Park",
    "logo": "club_logos_by_league/SP/st_johnstone.png"
  },
  {
    "id": "st_mirren",
    "name": "St Mirren",
    "country": "SCO",
    "league": "Scottish Premier Division",
    "tier": 1,
    "lat": 55.85056,
    "lon": -4.44389,
    "ground": "St Mirren Park",
    "aliases": [
      "st mirren"
    ],
    "wikipedia": "https://en.wikipedia.org/wiki/St_Mirren_F.C.",
    "ground_wikipedia": "https://en.wikipedia.org/wiki/St_Mirren_Park",
    "logo": "club_logos_by_league/SP/st_mirren.png"
  },
  {
    "id": "airdrieonians",
    "name": "Airdrieonians",
    "country": "SCO",
    "league": "Scottish First Division",
    "tier": 2,
    "lat": 55.85972,
    "lon": -3.95972,
    "ground": "Excelsior Stadium",
    "aliases": [
      "airdrieonians"
    ],
    "wikipedia": "https://en.wikipedia.org/wiki/Airdrieonians_F.C.",
    "ground_wikipedia": "https://en.wikipedia.org/wiki/Excelsior_Stadium",
    "logo": "club_logos_by_league/SC/airdrieonians.png"
  },
  {
    "id": "ayr_united",
    "name": "Ayr United",
    "country": "SCO",
    "league": "Scottish First Division",
    "tier": 2,
    "lat": 55.46944,
    "lon": -4.62,
    "ground": "Somerset Park",
    "aliases": [
      "ayr united"
    ],
    "wikipedia": "https://en.wikipedia.org/wiki/Ayr_United_F.C.",
    "ground_wikipedia": "https://en.wikipedia.org/wiki/Somerset_Park",
    "logo": "club_logos_by_league/SC/ayr_united.png"
  },
  {
    "id": "dunfermline_athletic",
    "name": "Dunfermline Athletic",
    "country": "SCO",
    "league": "Scottish First Division",
    "tier": 2,
    "lat": 56.07528,
    "lon": -3.44194,
    "ground": "East End Park",
    "aliases": [
      "dunfermline athletic"
    ],
    "wikipedia": "https://en.wikipedia.org/wiki/Dunfermline_Athletic_F.C.",
    "ground_wikipedia": "https://en.wikipedia.org/wiki/East_End_Park",
    "logo": "club_logos_by_league/SC/dunfermline_athletic.png"
  },
  {
    "id": "falkirk",
    "name": "Falkirk",
    "country": "SCO",
    "league": "Scottish First Division",
    "tier": 2,
    "lat": 56.00528,
    "lon": -3.75278,
    "ground": "Falkirk Stadium",
    "aliases": [
      "falkirk"
    ],
    "wikipedia": "https://en.wikipedia.org/wiki/Falkirk_F.C.",
    "ground_wikipedia": "https://en.wikipedia.org/wiki/Falkirk_Stadium",
    "logo": "club_logos_by_league/SC/falkirk.png"
  },
  {
    "id": "greenock_morton",
    "name": "Greenock Morton",
    "country": "SCO",
    "league": "Scottish First Division",
    "tier": 2,
    "lat": 55.94139,
    "lon": -4.72694,
    "ground": "Cappielow Park",
    "aliases": [
      "greenock morton"
    ],
    "wikipedia": "https://en.wikipedia.org/wiki/Greenock_Morton_F.C.",
    "ground_wikipedia": "https://en.wikipedia.org/wiki/Cappielow",
    "logo": "club_logos_by_league/SC/greenock_morton.png"
  },
  {
    "id": "hamilton_academical",
    "name": "Hamilton Academical",
    "country": "SCO",
    "league": "Scottish First Division",
    "tier": 2,
    "lat": 55.944775,
    "lon": -4.037086,
    "ground": "Broadwood Stadium",
    "aliases": [
      "hamilton academical"
    ],
    "wikipedia": "https://en.wikipedia.org/wiki/Hamilton_Academical_F.C.",
    "ground_wikipedia": "https://en.wikipedia.org/wiki/Broadwood_Stadium",
    "logo": "club_logos_by_league/SC/hamilton_academical.png"
  },
  {
    "id": "livingston",
    "name": "Livingston",
    "country": "SCO",
    "league": "Scottish First Division",
    "tier": 2,
    "lat": 55.88583,
    "lon": -3.52194,
    "ground": "Almondvale Stadium",
    "aliases": [
      "livingston"
    ],
    "wikipedia": "https://en.wikipedia.org/wiki/Livingston_F.C.",
    "ground_wikipedia": "https://en.wikipedia.org/wiki/Almondvale_Stadium",
    "logo": "club_logos_by_league/SC/livingston.png"
  },
  {
    "id": "partick_thistle",
    "name": "Partick Thistle",
    "country": "SCO",
    "league": "Scottish First Division",
    "tier": 2,
    "lat": 55.88139,
    "lon": -4.26944,
    "ground": "Firhill Stadium",
    "aliases": [
      "partick thistle"
    ],
    "wikipedia": "https://en.wikipedia.org/wiki/Partick_Thistle_F.C.",
    "ground_wikipedia": "https://en.wikipedia.org/wiki/Firhill_Stadium",
    "logo": "club_logos_by_league/SC/partick_thistle.png"
  },
  {
    "id": "queens_park",
    "name": "Queen's Park",
    "country": "SCO",
    "league": "Scottish First Division",
    "tier": 2,
    "lat": 55.82556,
    "lon": -4.25556,
    "ground": "Lesser Hampden",
    "aliases": [
      "queen's park"
    ],
    "wikipedia": "https://en.wikipedia.org/wiki/Queen%27s_Park_F.C.",
    "ground_wikipedia": "https://en.wikipedia.org/wiki/Lesser_Hampden",
    "logo": "club_logos_by_league/SC/queens_park.png"
  },
  {
    "id": "raith_rovers",
    "name": "Raith Rovers",
    "country": "SCO",
    "league": "Scottish First Division",
    "tier": 2,
    "lat": 56.09972,
    "lon": -3.16833,
    "ground": "Stark's Park",
    "aliases": [
      "raith rovers"
    ],
    "wikipedia": "https://en.wikipedia.org/wiki/Raith_Rovers_F.C.",
    "ground_wikipedia": "https://en.wikipedia.org/wiki/Stark%27s_Park",
    "logo": "club_logos_by_league/SC/raith_rovers.png"
  }
]